number of words;174
prop correct 2-syll;0.6388888888888888
prop correct Oo;0.8823529411764706
prop corect oO;0.42105263157894735
prop correct 3-syll;0.5161290322580645
prop correct Ooo;0.5
prop correct oOo;0.9230769230769231
prop correct ooO;0.08333333333333333
prop correct 4-syll;0.5454545454545454
prop correct Oooo;0.5
prop correct oOoo;1.0
prop correct ooOo;0.6666666666666666
prop correct oooO;0.0
