number of words;118
prop correct 2-syll;0.38571428571428573
prop correct Oo;0.7083333333333334
prop corect oO;0.21739130434782608
prop correct 3-syll;0.20689655172413793
prop correct Ooo;0.1111111111111111
prop correct oOo;0.7142857142857143
prop correct ooO;0.0
prop correct 4-syll;0.35294117647058826
prop correct Oooo;0.0
prop correct oOoo;0.8333333333333334
prop correct ooOo;0.3333333333333333
prop correct oooO;0.0
