number of words;174
prop correct 2-syll;0.6388888888888888
prop correct Oo;0.5769230769230769
prop corect oO;0.8571428571428571
prop correct 3-syll;0.5161290322580645
prop correct Ooo;0.42857142857142855
prop correct oOo;0.5454545454545454
prop correct ooO;0.3333333333333333
prop correct 4-syll;0.5454545454545454
prop correct Oooo;0.25
prop correct oOoo;0.42857142857142855
prop correct ooOo;0.8888888888888888
