number of words;139
prop correct 2-syll;0.4430379746835443
prop correct Oo;0.45
prop corect oO;0.6153846153846154
prop correct 3-syll;0.28205128205128205
prop correct Ooo;0.125
prop correct oOo;0.2413793103448276
prop correct ooO;1.0
prop correct 4-syll;0.3333333333333333
prop correct Oooo;0.5
prop correct oOoo;0.17647058823529413
prop correct ooOo;0.42857142857142855
