number of words;88
prop correct 2-syll;0.25
prop correct Oo;0.18421052631578946
prop corect oO;0.42105263157894735
prop correct 3-syll;0.21428571428571427
prop correct Ooo;0.2857142857142857
prop correct oOo;0.14285714285714285
prop correct ooO;0.0
prop correct 4-syll;0.09090909090909091
prop correct oOoo;0.07692307692307693
