number of words;126
prop correct 2-syll;0.47058823529411764
prop correct Oo;0.4117647058823529
prop corect oO;0.75
prop correct 3-syll;0.391304347826087
prop correct Ooo;0.36363636363636365
prop correct oOo;0.38461538461538464
prop correct 4-syll;0.05555555555555555
prop correct oOoo;0.06666666666666667
prop correct ooOo;0.0
