number of words;86
prop correct 2-syll;0.46296296296296297
prop correct Oo;0.45
prop corect oO;0.5384615384615384
prop correct 3-syll;0.29411764705882354
prop correct Ooo;0.3333333333333333
prop correct oOo;0.2
prop correct ooO;1.0
prop correct 4-syll;0.09090909090909091
prop correct oOoo;0.0
prop correct ooOo;0.16666666666666666
