number of words;139
prop correct 2-syll;0.4430379746835443
prop correct Oo;0.7714285714285715
prop corect oO;0.18181818181818182
prop correct 3-syll;0.28205128205128205
prop correct Ooo;0.1111111111111111
prop correct oOo;0.6363636363636364
prop correct ooO;0.15789473684210525
prop correct 4-syll;0.3333333333333333
prop correct Oooo;0.25
prop correct oOoo;0.75
prop correct ooOo;0.6
prop correct oooO;0.0
