number of words;192
prop correct 2-syll;0.375
prop correct Oo;0.8048780487804879
prop corect oO;0.1267605633802817
prop correct 3-syll;0.2777777777777778
prop correct Ooo;0.391304347826087
prop correct oOo;0.8571428571428571
prop correct ooO;0.0
prop correct 4-syll;0.14285714285714285
prop correct Oooo;0.14285714285714285
prop correct oOoo;0.6666666666666666
prop correct ooOo;0.0
prop correct oooO;0.0
