number of words;152
prop correct 2-syll;0.40404040404040403
prop correct Oo;0.4027777777777778
prop corect oO;0.4782608695652174
prop correct 3-syll;0.37209302325581395
prop correct Ooo;0.26666666666666666
prop correct oOo;0.36666666666666664
prop correct ooO;0.5
prop correct 4-syll;0.2222222222222222
prop correct Oooo;0.5
prop correct oOoo;0.14285714285714285
