number of words;50
prop correct 2-syll;0.2857142857142857
prop correct Oo;0.21428571428571427
prop corect oO;0.6666666666666666
prop correct 3-syll;0.4444444444444444
prop correct Ooo;0.25
prop correct oOo;0.5
prop correct 4-syll;0.3333333333333333
prop correct oOoo;0.3333333333333333
