number of words;39
prop correct 2-syll;0.25925925925925924
prop correct Oo;0.15
prop corect oO;0.5714285714285714
prop correct 3-syll;0.2222222222222222
prop correct Ooo;0.25
prop correct oOo;0.2
prop correct 4-syll;0.6666666666666666
prop correct Oooo;0.6666666666666666
