number of words;42
prop correct 2-syll;0.23333333333333334
prop correct Oo;0.13636363636363635
prop corect oO;0.5714285714285714
prop correct 3-syll;0.2222222222222222
prop correct Ooo;0.25
prop correct oOo;0.16666666666666666
prop correct 4-syll;0.6666666666666666
prop correct Oooo;0.6666666666666666
