number of words;172
prop correct 2-syll;0.6018518518518519
prop correct Oo;0.5263157894736842
prop corect oO;0.8333333333333334
prop correct 3-syll;0.41935483870967744
prop correct Ooo;0.25
prop correct oOo;0.47619047619047616
prop correct ooO;0.3333333333333333
prop correct 4-syll;0.4838709677419355
prop correct Oooo;0.0
prop correct oOoo;0.3333333333333333
prop correct ooOo;0.8888888888888888
