number of words;105
prop correct 2-syll;0.5714285714285714
prop correct Oo;0.8611111111111112
prop corect oO;0.2647058823529412
prop correct 3-syll;0.2608695652173913
prop correct Ooo;0.16666666666666666
prop correct oOo;0.7142857142857143
prop correct ooO;0.0
prop correct 4-syll;0.2857142857142857
prop correct Oooo;0.0
prop correct oOoo;0.6666666666666666
prop correct oooO;0.0
