number of words;172
prop correct 2-syll;0.6018518518518519
prop correct Oo;0.851063829787234
prop corect oO;0.4098360655737705
prop correct 3-syll;0.41935483870967744
prop correct Ooo;0.2857142857142857
prop correct oOo;0.7142857142857143
prop correct ooO;0.09090909090909091
prop correct 4-syll;0.4838709677419355
prop correct Oooo;0.0
prop correct oOoo;1.0
prop correct ooOo;0.7272727272727273
prop correct oooO;0.0
