number of words;46
prop correct 2-syll;0.48148148148148145
prop correct Oo;0.5714285714285714
prop corect oO;0.4166666666666667
prop correct 3-syll;0.25
prop correct oOo;0.25
prop correct 4-syll;0.26666666666666666
prop correct Oooo;0.0
prop correct oOoo;0.26666666666666666
