number of words;62
prop correct 2-syll;0.37142857142857144
prop correct Oo;0.391304347826087
prop corect oO;0.4444444444444444
prop correct 3-syll;0.2
prop correct Ooo;0.16666666666666666
prop correct oOo;0.25
prop correct 4-syll;0.14285714285714285
prop correct oOoo;0.16666666666666666
prop correct ooOo;0.0
