number of words;3018
prop correct 2-syll;0.42995169082125606
prop correct Oo;0.7394843962008141
prop corect oO;0.22715173025732033
prop correct 3-syll;0.3041095890410959
prop correct Ooo;0.37037037037037035
prop correct oOo;0.6368159203980099
prop correct ooO;0.04472843450479233
prop correct 4-syll;0.1763157894736842
prop correct Oooo;0.09782608695652174
prop correct oOoo;0.7413793103448276
prop correct ooOo;0.2
prop correct oooO;0.0
