number of words;3130
prop correct 2-syll;0.4329205366357069
prop correct Oo;0.7373868046571799
prop corect oO;0.2307032590051458
prop correct 3-syll;0.3055555555555556
prop correct Ooo;0.3721973094170404
prop correct oOo;0.6411483253588517
prop correct ooO;0.043209876543209874
prop correct 4-syll;0.17783505154639176
prop correct Oooo;0.0967741935483871
prop correct oOoo;0.7049180327868853
prop correct ooOo;0.22077922077922077
prop correct oooO;0.0
