number of words;3688
prop correct 2-syll;0.43227792436235707
prop correct Oo;0.3988235294117647
prop corect oO;0.594541910331384
prop correct 3-syll;0.29477196885428253
prop correct Ooo;0.3183183183183183
prop correct oOo;0.2517857142857143
prop correct ooO;0.43902439024390244
prop correct 4-syll;0.19658119658119658
prop correct Oooo;0.2857142857142857
prop correct oOoo;0.1346704871060172
prop correct ooOo;0.3229166666666667
