number of words;1775
prop correct 2-syll;0.3223787167449139
prop correct Oo;0.2385589094449854
prop corect oO;0.7324561403508771
prop correct 3-syll;0.26666666666666666
prop correct Ooo;0.1487603305785124
prop correct oOo;0.30115830115830117
prop correct ooO;0.3076923076923077
prop correct 4-syll;0.14035087719298245
prop correct Oooo;0.25
prop correct oOoo;0.13414634146341464
prop correct ooOo;0.047619047619047616
