number of words;3235
prop correct 2-syll;0.43106893106893107
prop correct Oo;0.39702903443619175
prop corect oO;0.5851063829787234
prop correct 3-syll;0.3015267175572519
prop correct Ooo;0.3176895306859206
prop correct oOo;0.26627218934911245
prop correct ooO;0.4
prop correct 4-syll;0.18796992481203006
prop correct Oooo;0.28205128205128205
prop correct oOoo;0.1396103896103896
prop correct ooOo;0.3
